,acc,f1,precision,recall
gat,0.999815486,0.913249206,0.866766467,0.965
ecgnn,0.999788648,0.902476775,0.842485549,0.971666667
graphsage,0.999803744,0.901927908,0.907251265,0.896666667
mpnn,0.999698068,0.866270426,0.78150134,0.971666667
